Metric,PostgreSQL,AWS Aurora,GCP AlloyDB
Year 1 Cost,$2070809,$724193,$1286820
5-Year Total,$10997895,$3856428,$6429366
With Discounts (RIs/CUDs),N/A,$3076428,$5217298
Team Size (FTE),2.3,0.15,0.08
Infrastructure Cost % of Total,56.2%,70.7%,86.5%
Operational Cost % of Total,38.3%,25.6%,11.2%

Infrastructure Cost Breakdown (Annual),,,
PostgreSQL Infrastructure,$1166009,,
  - Compute: 14%,$163847,,
  - Storage: 43%,$499080,,
  - Network: 19%,$217360,,
  - Backups: 12%,$134384,,
  - Other: 12%,$151338,,
AWS Aurora Infrastructure,$512378,,
  - Storage: 23%,$117847,,
  - Compute: 9%,$46114,,
  - Network: 41%,$210076,,
  - Backups: 8%,$40990,,
  - Other: 19%,$97351,,
GCP AlloyDB Infrastructure,$1114081,,
  - Network Egress: 77%,$856833,,
  - Compute: 13%,$144831,,
  - Storage: 3%,$33422,,
  - Backups: 2%,$22282,,
  - Other: 5%,$56713,,

Operational Cost Breakdown (Annual),,,
PostgreSQL Operational,$792000,,
  - Personnel: 57%,$451344,[2.3 FTE]
  - Consulting: 18%,$142560,,
  - Maintenance: 10%,$79200,,
  - DR/Testing: 9%,$71280,,
  - Tools: 4%,$31680,,
  - Training: 3%,$23736,,
AWS Aurora Operational,$185867,,
  - AWS Support: 33%,$61336,,
  - Personnel: 40%,$74347,[0.15 FTE]
  - Tools: 7%,$13010,,
  - Maintenance: 8%,$14869,,
  - Training: 5%,$9293,,
  - DR/Testing: 7%,$13012,,
GCP AlloyDB Operational,$144563,,
  - GCP Support: 43%,$62162,,
  - Personnel: 35%,$50597,[0.08 FTE]
  - Tools: 7%,$10119,,
  - Training: 4%,$5783,,
  - Maintenance: 6%,$8674,,
  - DR/Testing: 5%,$7228,,

Team Size Requirements,,,
PostgreSQL,2.3 FTE,"$455,000",,
  - Senior DBA,1.0,$180000,,
  - Specialist,0.5,$100000,,
  - DevOps,0.5,$120000,,
  - On-Call,0.3,$50000,,
  - Consulting,,$140000,,
AWS Aurora,0.15 FTE,"$75,000",,
  - DBA,0.1,$20000,,
  - Quarterly Consultant,0.05,$40000,,
  - Minimal DevOps,0.05,$10000,,
  - On-Call: AWS-managed,,$5000,,
GCP AlloyDB,0.08 FTE,"$51,000",,
  - Monitoring-only DBA,0.05,$10000,,
  - Quarterly Consultant,0.03,$32000,,
  - Minimal DevOps,0.03,$6000,,
  - On-Call: Google-managed,,$3000,,

5-Year Total Cost Comparison,,,
PostgreSQL,$10997895,,
Aurora,$3856428,65% cheaper,
AlloyDB,$6429366,42% cheaper,
Aurora with 3-yr RIs,$3076428,72% cheaper,
AlloyDB with 3-yr CUDs,$5217298,53% cheaper,

ROI Comparison,Savings,Break-Even,
PostgreSQL → Aurora,"$7,140,000",18 days
PostgreSQL → AlloyDB,"$4,568,000",38 days
Aurora → AlloyDB,"-$2,572,000",Not Recommended

PostgreSQL Infrastructure Details,,,
EC2 Compute,$163847,,
  - Primary (r6i.4xlarge),$46813,,
  - Standby (r6i.4xlarge),$46813,,
  - Read Replica 1 (r6i.2xlarge),$23407,,
  - Read Replica 2 (r6i.2xlarge),$23407,,
  - Read Replica 3 (r6i.2xlarge),$23407,,
EBS Storage,$499080,,
  - Primary (100TB gp3),$97416,,
  - Standby (100TB gp3),$97416,,
  - Replica 1 (100TB gp3),$97416,,
  - Replica 2 (100TB gp3),$97416,,
  - Replica 3 (100TB gp3),$97416,,
  - Temp/Staging (20TB gp3),$16200,,
Backups & DR,$134384,,
  - S3 Backup Storage (250TB),$69000,,
  - Cross-region Replication (250TB),$60000,,
Network & Data Transfer,$217360,,
  - Egress (864 TB/month @ $0.02/GB),$207360,,
  - Cross-AZ Replication,$10000,,
Networking Infrastructure,$9584,,
  - NAT Gateway,$384,,
  - Network Load Balancer,$1200,,
  - Security Groups/ACLs/Route53,$5000,,
  - Firewalls/WAF,$3000,,
Monitoring & Logging,$43800,,
  - CloudWatch Logs (500GB/month),$31800,,
  - CloudWatch Metrics,$5000,,
  - Third-party Monitoring (Datadog),$6000,,
  - Alerting Services,$1000,,
